Date,Open,High,Low,Close,Adj Close,Volume,Pct_Change
2023-07-19,313.0299987792969,318.67999267578125,310.5199890136719,316.010009765625,315.3619689941406,21763700,
2023-07-20,313.5,315.5400085449219,302.2200012207031,302.5199890136719,301.89959716796875,23836900,-4.268858686456878
2023-07-21,304.57000732421875,305.4599914550781,291.20001220703125,294.260009765625,293.65655517578125,42089700,-2.7303912296762545
2023-07-24,295.7799987792969,297.5199890136719,288.29998779296875,291.6099853515625,291.011962890625,24915700,-0.900572393840815
2023-07-25,295.19000244140625,298.29998779296875,291.8599853515625,294.4700012207031,293.8661193847656,19585600,0.9807674677849709
2023-07-26,301.19000244140625,301.7699890136719,291.8999938964844,298.57000732421875,297.9577331542969,47256900,1.392334053220834
2023-07-27,325.1199951171875,325.3500061035156,309.8399963378906,311.7099914550781,311.0707702636719,64229200,4.400972572101192
2023-07-28,316.8800048828125,326.20001220703125,314.25,325.4800109863281,324.8125305175781,39220300,4.417573997859625
2023-07-31,323.69000244140625,325.6600036621094,317.5899963378906,318.6000061035156,317.9466552734375,25799600,-2.113802584055302
2023-08-01,317.5400085449219,324.1400146484375,314.6600036621094,322.7099914550781,322.0481872558594,22817900,1.2900142099266487
2023-08-02,318.0,318.3900146484375,310.6499938964844,314.30999755859375,313.6654357910156,20461100,-2.602954392149237
2023-08-03,309.92999267578125,315.95001220703125,309.92999267578125,313.19000244140625,312.5477600097656,15180200,-0.3563345505669835
2023-08-04,314.9599914550781,318.4100036621094,310.20001220703125,310.7300109863281,310.0927734375,17600200,-0.785462957278904
2023-08-07,313.2300109863281,317.07000732421875,310.4599914550781,316.55999755859375,315.91082763671875,16236500,1.8762225617538153
2023-08-08,314.3999938964844,317.8900146484375,310.1099853515625,312.6400146484375,311.9988708496094,15183500,-1.23830646335239
2023-08-09,312.8800048828125,313.6300048828125,302.8500061035156,305.2099914550781,304.5841064453125,19955800,-2.3765426193810835
2023-08-10,307.94000244140625,312.3399963378906,303.8699951171875,305.739990234375,305.1130065917969,14358900,0.17365053377516038
2023-08-11,302.57000732421875,304.7200012207031,300.3599853515625,301.6400146484375,301.0214538574219,13967800,-1.3410007577989824
2023-08-14,300.9800109863281,306.2099914550781,298.25,306.19000244140625,305.5621032714844,15641900,1.5084165137280614
2023-08-15,306.1400146484375,307.2300109863281,300.0299987792969,301.95001220703125,301.3307800292969,11623600,-1.384757895609734
2023-08-16,300.20001220703125,301.0799865722656,294.2799987792969,294.2900085449219,293.6864929199219,18547700,-2.536844958581197
2023-08-17,293.04998779296875,296.04998779296875,284.95001220703125,285.0899963378906,284.50537109375,23950100,-3.126172122702875
2023-08-18,279.0299987792969,285.69000244140625,274.3800048828125,283.25,282.6691589355469,34061200,-0.6454089450791733
2023-08-21,283.45001220703125,290.5,281.8500061035156,289.8999938964844,289.3055114746094,20181500,2.3477471832248353
2023-08-22,292.54998779296875,292.8999938964844,286.75,287.6000061035156,287.0102233886719,12999900,-0.7933728324913347
2023-08-23,288.5,297.3999938964844,287.6700134277344,294.239990234375,293.6365966796875,18287000,2.308756602901263
2023-08-24,298.5,299.4599914550781,286.6400146484375,286.75,286.1619567871094,18360900,-2.5455378204739976
2023-08-25,286.1300048828125,288.3900146484375,276.0299987792969,285.5,284.9145202636719,23701400,-0.43591979075849885
2023-08-28,288.0,291.45001220703125,285.79998779296875,290.260009765625,289.6647644042969,14239300,1.6672538583625274
2023-08-29,288.5799865722656,299.1499938964844,288.17999267578125,297.989990234375,297.37890625,20844500,2.6631227894575282
2023-08-30,297.1700134277344,298.2900085449219,293.42999267578125,295.1000061035156,294.4948425292969,17717000,-0.9698259087784655
2023-08-31,295.79998779296875,301.1000061035156,295.6600036621094,295.8900146484375,295.2832336425781,17229900,0.2677087524846522
2023-09-01,299.3699951171875,301.739990234375,294.4700012207031,296.3800048828125,295.772216796875,12819800,0.16559877323241157
2023-09-05,297.0199890136719,301.3900146484375,295.510009765625,300.1499938964844,299.53448486328125,14956000,1.272011927782546
2023-09-06,301.7099914550781,303.29998779296875,295.6600036621094,299.1700134277344,298.5565185546875,15418100,-0.3264969144353813
2023-09-07,298.0,307.04998779296875,292.2200012207031,298.6700134277344,298.0575256347656,33748700,-0.16712904955655805
2023-09-08,299.2200012207031,305.25,296.7799987792969,297.8900146484375,297.27911376953125,17548000,-0.2611573791238997
2023-09-11,301.4100036621094,309.0400085449219,301.2799987792969,307.55999755859375,306.92926025390625,19489300,3.246158795073595
2023-09-12,306.3299865722656,308.6600036621094,300.2300109863281,301.6600036621094,301.0413818359375,13480400,-1.9183229104299704
2023-09-13,302.3599853515625,307.17999267578125,301.32000732421875,305.05999755859375,304.43438720703125,13210900,1.1270946944271554
2023-09-14,306.739990234375,312.8699951171875,305.0299987792969,311.7200012207031,311.08074951171875,19343100,2.1831782978462
2023-09-15,311.6099853515625,312.0,298.75,300.30999755859375,299.69415283203125,28106400,-3.660337359626431
2023-09-18,298.19000244140625,303.6000061035156,297.79998779296875,302.54998779296875,301.9295349121094,14234200,0.7458926617779138
2023-09-19,302.4800109863281,306.1700134277344,299.80999755859375,305.07000732421875,304.44439697265625,15924400,0.83292666763366
2023-09-20,305.04998779296875,308.05999755859375,299.42999267578125,299.6700134277344,299.0554504394531,19379500,-1.7700835109448976
2023-09-21,295.70001220703125,300.260009765625,293.2699890136719,295.7300109863281,295.12353515625,21300500,-1.3147803466683428
2023-09-22,299.29998779296875,305.3800048828125,298.2699890136719,299.0799865722656,298.4666748046875,25369600,1.132781747366307
2023-09-25,295.6400146484375,300.95001220703125,293.70001220703125,300.8299865722656,300.21307373046875,18987000,0.5851277512937569
2023-09-26,297.6600036621094,300.29998779296875,296.010009765625,298.9599914550781,298.346923828125,19417200,-0.6216119405165421
2023-09-27,300.45001220703125,301.29998779296875,286.7900085449219,297.739990234375,297.12939453125,36429800,-0.40808176865579915
2023-09-28,298.94000244140625,306.3299865722656,296.70001220703125,303.9599914550781,303.3366394042969,22167100,2.0890714800544163
2023-09-29,307.3800048828125,310.6400146484375,299.3599853515625,300.2099914550781,299.5943603515625,25356600,-1.2337149971772599
2023-10-02,302.739990234375,307.17999267578125,301.6300048828125,306.82000732421875,306.1907958984375,16265600,2.201797427561547
2023-10-03,304.260009765625,306.7699890136719,299.6400146484375,300.94000244140625,300.3228454589844,17362300,-1.9164346334817228
2023-10-04,298.7300109863281,306.8999938964844,298.5,305.5799865722656,304.9533386230469,16880500,1.5418302961444308
2023-10-05,304.6300048828125,306.2099914550781,299.5,304.7900085449219,304.16497802734375,19130000,-0.2585175934474826
2023-10-06,301.44000244140625,316.30999755859375,300.9100036621094,315.42999267578125,314.78314208984375,21784000,3.490922875607061
2023-10-09,312.5,320.3299865722656,311.82000732421875,318.3599853515625,317.7071228027344,22503700,0.9288884201930969
2023-10-10,319.1199951171875,324.6600036621094,318.1600036621094,321.8399963378906,321.17999267578125,19038000,1.0931056497207603
2023-10-11,323.010009765625,328.8399963378906,322.95001220703125,327.82000732421875,327.14776611328125,22036300,1.858069554552788
2023-10-12,328.0,330.5400085449219,322.69000244140625,324.1600036621094,323.4952392578125,20530500,-1.1164674456521473
2023-10-13,323.5299987792969,325.04998779296875,312.3699951171875,314.69000244140625,314.044677734375,21341000,-2.9213971846367093
2023-10-16,318.6400146484375,321.82000732421875,315.5199890136719,321.1499938964844,320.49139404296875,16536100,2.052811149054845
2023-10-17,318.17999267578125,324.3999938964844,317.29998779296875,324.0,323.3355712890625,16387800,0.8874376950585461
2023-10-18,321.3900146484375,325.94000244140625,315.55999755859375,316.9700012207031,316.3199768066406,16851000,-2.1697527096595337
2023-10-19,319.8800048828125,321.8900146484375,311.75,312.80999755859375,312.16851806640625,18709200,-1.312428193863302
2023-10-20,314.1400146484375,315.29998779296875,306.4700012207031,308.6499938964844,308.01702880859375,22287400,-1.3298819393808392
2023-10-23,309.5,317.3599853515625,307.260009765625,314.010009765625,313.3660583496094,17796800,1.7366000243428825
2023-10-24,316.7799987792969,318.3500061035156,310.6300048828125,312.54998779296875,311.9090270996094,19525500,-0.46496032841309987
2023-10-25,310.0,310.8800048828125,298.8399963378906,299.5299987792969,298.9157409667969,42192500,-4.165730130277989
2023-10-26,295.0,295.0,279.3999938964844,288.3500061035156,287.7586669921875,66684100,-3.732511842334374
2023-10-27,294.4800109863281,299.30999755859375,292.9700012207031,296.7300109863281,296.1214904785156,29596300,2.906192025466492
2023-10-30,299.0899963378906,309.3999938964844,299.04998779296875,302.6600036621094,302.039306640625,28435100,1.9984472268477438
2023-10-31,303.30999755859375,303.67999267578125,296.8599853515625,301.2699890136719,300.6521911621094,19434200,-0.45926605154915645
2023-11-01,301.8500061035156,312.739990234375,301.8500061035156,311.8500061035156,311.2104797363281,20434600,3.5118058471345526
2023-11-02,317.29998779296875,318.82000732421875,308.3299865722656,310.8699951171875,310.23248291015625,21631800,-0.3142571643890979
2023-11-03,312.54998779296875,315.54998779296875,311.0199890136719,314.6000061035156,313.9548645019531,16754100,1.1998620146412176
2023-11-06,315.9800109863281,318.3299865722656,314.45001220703125,315.79998779296875,315.1523742675781,12887700,0.381430917410186
2023-11-07,317.05999755859375,321.0,315.1199951171875,318.82000732421875,318.16619873046875,14055600,0.9563076782731939
2023-11-08,318.1400146484375,321.3299865722656,314.8800048828125,319.7799987792969,319.1242370605469,13609700,0.30110765730642086
2023-11-09,319.4200134277344,324.17999267578125,318.79998779296875,320.54998779296875,319.89263916015625,16103100,0.2407871088283109
2023-11-10,319.94000244140625,329.1000061035156,319.4599914550781,328.7699890136719,328.0957946777344,19096200,2.564343014735071
2023-11-13,326.20001220703125,332.3299865722656,325.70001220703125,329.19000244140625,328.5149230957031,16908900,0.12775297069980152
2023-11-14,334.5400085449219,338.1000061035156,333.3299865722656,336.30999755859375,335.6203308105469,17179400,2.162883156955786
2023-11-15,337.92999267578125,338.3999938964844,330.0199890136719,332.7099914550781,332.0277099609375,14531200,-1.070442784826342
2023-11-16,329.3699951171875,334.5799865722656,326.3800048828125,334.19000244140625,333.5046691894531,18932600,0.4448351490303759
2023-11-17,330.260009765625,335.5,329.3500061035156,335.0400085449219,334.3529357910156,14494400,0.25434815443488024
2023-11-20,334.8900146484375,341.8699951171875,334.19000244140625,339.9700012207031,339.2728271484375,16960500,1.4714638699993454
2023-11-21,338.3299865722656,339.8999938964844,335.8999938964844,336.9800109863281,336.2889709472656,12027900,-0.8794864910548261
2023-11-22,339.2099914550781,342.9200134277344,338.5799865722656,341.489990234375,340.7897033691406,10702700,1.3383521576981083
2023-11-24,340.1300048828125,341.8599853515625,336.7699890136719,338.2300109863281,337.5364074707031,5467500,-0.9546339105897195
2023-11-27,336.17999267578125,339.8999938964844,334.20001220703125,334.70001220703125,334.0136413574219,15684500,-1.043668114784635
2023-11-28,333.3999938964844,339.3800048828125,333.3999938964844,338.989990234375,338.2948303222656,12637200,1.281738234503016
2023-11-29,339.69000244140625,339.8999938964844,330.7799987792969,332.20001220703125,331.5187683105469,16024500,-2.003002514218555
2023-11-30,331.8900146484375,333.5,322.3999938964844,327.1499938964844,326.4790954589844,23146400,-1.5201740291928778
2023-12-01,325.4800109863281,326.8599853515625,320.760009765625,324.82000732421875,324.1539001464844,15264700,-0.7122074325952354
2023-12-04,317.2900085449219,320.8599853515625,313.6600036621094,320.0199890136719,319.3637390136719,19037100,-1.4777471221948946
2023-12-05,318.9800109863281,321.8800048828125,315.3900146484375,318.2900085449219,317.6372985839844,16952100,-0.5405851284733587
2023-12-06,321.92999267578125,322.25,317.0400085449219,317.45001220703125,316.79901123046875,11294300,-0.26390911286555685
2023-12-07,317.7699890136719,328.239990234375,317.7699890136719,326.5899963378906,325.92022705078125,15905100,2.8791884641347965
2023-12-08,323.0899963378906,333.1700134277344,323.0,332.75,332.0675964355469,14077500,1.8861580976706316
2023-12-11,329.3999938964844,329.8900146484375,320.0,325.2799987792969,324.6129455566406,25802500,-2.2449289919468485
2023-12-12,324.6000061035156,334.4700012207031,324.55999755859375,334.2200012207031,333.53460693359375,18485500,2.7484021381444013
2023-12-13,333.92999267578125,338.3699951171875,332.6400146484375,334.739990234375,334.05352783203125,16353300,0.15558285314243303
2023-12-14,333.8500061035156,334.70001220703125,328.6400146484375,333.1700134277344,332.4867858886719,19607300,-0.4690138174233027
2023-12-15,331.989990234375,338.6600036621094,331.2200012207031,334.9200134277344,334.2331848144531,30001600,0.5252573549448636
2023-12-18,337.4800109863281,347.55999755859375,337.0199890136719,344.6199951171875,343.91326904296875,18993900,2.89620843800249
2023-12-19,345.5799865722656,353.6000061035156,345.1199951171875,350.3599853515625,349.6415100097656,17729400,1.6655998826832885
2023-12-20,348.6499938964844,354.9599914550781,347.7900085449219,349.2799987792969,348.563720703125,16369900,-0.30825054727123824
2023-12-21,352.9800109863281,356.4100036621094,349.2099914550781,354.0899963378906,353.3638610839844,15289600,1.3771179498981434
2023-12-22,355.5799865722656,357.20001220703125,351.2200012207031,353.3900146484375,352.6653137207031,11764200,-0.19768468375062076
2023-12-26,354.989990234375,356.9800109863281,353.45001220703125,354.8299865722656,354.10235595703125,9898600,0.40747385725108387
2023-12-27,356.07000732421875,359.0,355.30999755859375,357.8299865722656,357.0961608886719,13207900,0.845475330025125
2023-12-28,359.70001220703125,361.8999938964844,357.80999755859375,358.32000732421875,357.5851745605469,11798800,0.1369423386360591
2023-12-29,358.989990234375,360.0,351.82000732421875,353.9599914550781,353.234130859375,14980500,-1.2167938658238397
2024-01-02,351.32000732421875,353.1600036621094,340.010009765625,346.2900085449219,345.5798645019531,19042200,-2.166906739551566
2024-01-03,344.9800109863281,347.95001220703125,343.17999267578125,344.4700012207031,343.7635803222656,15451100,-0.5255731552481824
2024-01-04,344.5,348.1499938964844,343.3999938964844,347.1199951171875,346.40814208984375,12099900,0.7692959871958616
2024-01-05,346.989990234375,353.5,346.260009765625,351.95001220703125,351.228271484375,13920700,1.3914545856723581
2024-01-08,354.70001220703125,358.9800109863281,352.04998779296875,358.6600036621094,357.92449951171875,13890200,1.9065183186102619
2024-01-09,356.3999938964844,360.6400146484375,355.3599853515625,357.42999267578125,356.6969909667969,13463900,-0.34294623704038685
2024-01-10,360.1700134277344,372.94000244140625,359.0799865722656,370.4700012207031,369.71026611328125,22117200,3.6482692589119736
2024-01-11,372.1300048828125,372.7799987792969,362.92999267578125,369.6700134277344,368.91192626953125,17205400,-0.2159386159021781
2024-01-12,370.1600036621094,377.05999755859375,369.5400085449219,374.489990234375,373.7220153808594,19295700,1.3038592884361266
2024-01-16,373.6499938964844,375.6099853515625,367.2300109863281,367.4599914550781,366.7064208984375,15306900,-1.877219408427211
2024-01-17,366.29998779296875,368.5400085449219,358.6099853515625,368.3699951171875,367.61456298828125,12724800,0.2476470046455681
2024-01-18,371.489990234375,376.8500061035156,370.95001220703125,376.1300048828125,375.3586730957031,16354300,2.106580304716821
2024-01-19,379.0,384.3599853515625,377.9700012207031,383.45001220703125,382.6636657714844,21470100,1.9461375665840164
2024-01-22,387.95001220703125,390.3500061035156,381.1600036621094,381.7799987792969,380.9971008300781,17680500,-0.4355231124188119
2024-01-23,384.6199951171875,388.3800048828125,382.0799865722656,385.20001220703125,384.41009521484375,15506100,0.8958073861044413
2024-01-24,390.0,396.1499938964844,387.80999755859375,390.70001220703125,389.8988037109375,15698500,1.427829653609658
2024-01-25,390.1700134277344,395.489990234375,385.6600036621094,393.17999267578125,392.3736877441406,15091100,0.6347531075673096
2024-01-26,394.3500061035156,396.7900085449219,391.5899963378906,394.1400146484375,393.33172607421875,13163700,0.24416857178384266
2024-01-29,394.989990234375,402.92999267578125,393.1000061035156,401.0199890136719,400.1976013183594,18742400,1.745566070314153
2024-01-30,403.5899963378906,406.3599853515625,399.57000732421875,400.05999755859375,399.2395935058594,18614700,-0.23938743239190208
2024-01-31,389.0,398.0,387.1000061035156,390.1400146484375,389.3399353027344,20180800,-2.479623799103614
2024-02-01,393.94000244140625,400.5,393.04998779296875,394.7799987792969,393.97039794921875,29727100,1.1893125433546148
2024-02-02,459.6000061035156,485.9599914550781,453.010009765625,474.989990234375,474.0158996582031,84615500,20.317643169131227
2024-02-05,469.8800048828125,471.8999938964844,459.2200012207031,459.4100036621094,458.4678649902344,40832400,-3.280066294571382
2024-02-06,464.0,467.1199951171875,453.0,454.7200012207031,453.7874755859375,21655200,-1.020875123314835
2024-02-07,458.0,471.5199890136719,456.17999267578125,469.5899963378906,468.62701416015625,23066000,3.2701431820172377
2024-02-08,468.32000732421875,470.5899963378906,465.0299987792969,470.0,469.0361633300781,18815100,0.08731098730951903
2024-02-09,472.95001220703125,473.5899963378906,467.4700012207031,468.1099853515625,467.1500244140625,18413100,-0.40213077626329863
2024-02-12,468.19000244140625,479.1499938964844,466.5799865722656,468.8999938964844,467.93841552734375,19382000,0.16876558279963483
2024-02-13,456.8699951171875,467.8900146484375,455.0899963378906,460.1199951171875,459.1764221191406,20916600,-1.8724672411139287
2024-02-14,467.92999267578125,474.1099853515625,466.0899963378906,473.2799987792969,472.3094482421875,16858400,2.8601242723124143
2024-02-15,475.2799987792969,488.6199951171875,472.2200012207031,484.0299987792969,483.0373840332031,24212300,2.271382696865887
2024-02-16,478.1099853515625,478.9599914550781,469.2099914550781,473.32000732421875,472.3493347167969,23306500,-2.212671008426803
2024-02-20,469.7200012207031,476.17999267578125,466.55999755859375,471.75,470.7825622558594,18015500,-0.3317010267734788
2024-02-21,466.5,469.0,461.7900085449219,468.0299987792969,467.5657653808594,12977100,-0.7885535179020908
2024-02-22,480.239990234375,489.989990234375,476.05999755859375,486.1300048828125,485.6478271484375,21625800,3.8672747795490903
2024-02-23,488.04998779296875,494.3599853515625,482.3500061035156,484.0299987792969,483.5498962402344,18374300,-0.43198446555913206
2024-02-26,483.4700012207031,486.1400146484375,480.6000061035156,481.739990234375,481.2621765136719,12101400,-0.4731129373586773
2024-02-27,479.9800109863281,487.2699890136719,479.9200134277344,487.04998779296875,486.56689453125,10809600,1.1022538436159968
2024-02-28,485.0,491.04998779296875,482.75,484.0199890136719,483.5398864746094,12715500,-0.6221124843934556
2024-02-29,488.44000244140625,491.70001220703125,482.6099853515625,490.1300048828125,489.64385986328125,17732000,1.2623478384831799
2024-03-01,492.1099853515625,504.25,491.8500061035156,502.29998779296875,501.8017578125,16273600,2.4830111988483505
2024-03-04,503.0,504.4200134277344,496.4200134277344,498.19000244140625,497.69586181640625,12324100,-0.818233217488451
2024-03-05,495.0,495.5799865722656,487.8900146484375,490.2200012207031,489.7337646484375,15325300,-1.599791481492141
2024-03-06,497.6300048828125,502.9700012207031,494.2900085449219,496.0899963378906,495.5979309082031,11757900,1.197420566800722
2024-03-07,503.2799987792969,519.8499755859375,501.3800048828125,512.1900024414062,511.6819763183594,18586400,3.2453801169878504
2024-03-08,514.1900024414062,523.5700073242188,499.3500061035156,505.95001220703125,505.44818115234375,18575200,-1.2182959848164643
2024-03-11,497.010009765625,497.32000732421875,476.0,483.5899963378906,483.1103210449219,20428300,-4.419412062389883
2024-03-12,493.260009765625,502.30999755859375,484.7300109863281,499.75,499.2543029785156,15448200,3.3416745144616566
2024-03-13,495.3900146484375,500.9800109863281,491.0299987792969,495.57000732421875,495.0784606933594,12090700,-0.8364167435280123
2024-03-14,500.260009765625,501.3500061035156,488.1600036621094,491.8299865722656,491.3421630859375,12620000,-0.7546906989280844
2024-03-15,489.010009765625,491.8299865722656,481.29998779296875,484.1000061035156,483.6198425292969,29141700,-1.5716773437550846
2024-03-18,491.9100036621094,497.4200134277344,486.80999755859375,496.9800109863281,496.487060546875,11755300,2.660608287631039
2024-03-19,488.1700134277344,496.6300048828125,481.2799987792969,496.239990234375,495.7477722167969,10903100,-0.14890352440622978
2024-03-20,499.5,508.20001220703125,495.1700134277344,505.5199890136719,505.0185852050781,11711100,1.8700626636144246
2024-03-21,514.7100219726562,515.0399780273438,506.010009765625,507.760009765625,507.2563781738281,9712500,0.4431122014232569
2024-03-22,507.0,509.9700012207031,504.3399963378906,509.5799865722656,509.0745544433594,8117000,0.3584324822036855
2024-03-25,505.7900085449219,507.2200012207031,500.239990234375,503.0199890136719,502.52105712890625,8380600,-1.2873342225859674
2024-03-26,505.1300048828125,510.0,495.2099914550781,495.8900146484375,495.3981628417969,11205400,-1.4174336052161562
2024-03-27,499.29998779296875,499.8900146484375,488.07000732421875,493.8599853515625,493.3701477050781,9989700,-0.4093708759822845
2024-03-28,492.8399963378906,492.8900146484375,485.1499938964844,485.5799865722656,485.0983581542969,15212800,-1.6765883094178258
2024-04-01,487.20001220703125,497.42999267578125,481.7799987792969,491.3500061035156,490.8626403808594,9247000,1.18827375320405
2024-04-02,485.1000061035156,497.5299987792969,484.6499938964844,497.3699951171875,496.8766784667969,11081000,1.2251936377107864
2024-04-03,498.92999267578125,507.239990234375,498.75,506.739990234375,506.23736572265625,12099200,1.883908400019152
2024-04-04,516.4199829101562,530.0,510.5799865722656,510.9200134277344,510.4132385253906,26476300,0.8248852022564979
2024-04-05,516.8599853515625,530.7000122070312,514.4099731445312,527.3400268554688,526.8169555664062,19242000,3.213812924957349
2024-04-08,529.280029296875,531.489990234375,518.8900146484375,519.25,518.7349853515625,13260600,-1.5341196274649582
2024-04-09,522.22998046875,525.8699951171875,506.739990234375,516.9000244140625,516.3873291015625,10881400,-0.4525711287313383
2024-04-10,509.2900085449219,522.5599975585938,505.79998779296875,519.8300170898438,519.3143920898438,11418500,0.5668393378589265
2024-04-11,521.1099853515625,523.8599853515625,517.2899780273438,523.1599731445312,522.6410522460938,10369500,0.6405855655141846
2024-04-12,517.75,520.1900024414062,509.3299865722656,511.8999938964844,511.3922424316406,11944900,-2.1523013659411117
2024-04-15,516.719970703125,518.530029296875,497.2799987792969,500.2300109863281,499.7338562011719,13512900,-2.2797388258059104
2024-04-16,498.1099853515625,504.7699890136719,497.1099853515625,499.760009765625,499.2643127441406,9847900,-0.09395702184609167
2024-04-17,503.1000061035156,503.1600036621094,487.1400146484375,494.1700134277344,493.67987060546875,12193700,-1.1185361430803953
2024-04-18,499.82000732421875,512.2100219726562,499.0400085449219,501.79998779296875,501.3022766113281,14808700,1.543997846471945
2024-04-19,502.79998779296875,502.79998779296875,475.7300109863281,481.07000732421875,480.59283447265625,25111000,-4.131124147675891
2024-04-22,489.7200012207031,492.010009765625,473.3999938964844,481.7300109863281,481.252197265625,17271100,0.13719493048016673
2024-04-23,491.25,498.760009765625,488.9700012207031,496.1000061035156,495.6079406738281,15079200,2.982997693617917
2024-04-24,508.05999755859375,510.0,484.5799865722656,493.5,493.010498046875,37772700,-0.5240891093585498
2024-04-25,421.3999938964844,445.7699890136719,414.5,441.3800048828125,440.94219970703125,82890700,-10.56129586974417
2024-04-26,441.4599914550781,446.44000244140625,431.9599914550781,443.2900085449219,442.8503112792969,32691400,0.4327345237617797
2024-04-29,439.55999755859375,439.760009765625,428.55999755859375,432.6199951171875,432.1908874511719,21502600,-2.407005170894372
2024-04-30,431.04998779296875,439.6199951171875,429.7200012207031,430.1700134277344,429.74334716796875,18429500,-0.5663126339755742
2024-05-01,428.6000061035156,449.9599914550781,427.1099853515625,439.19000244140625,438.7543640136719,20344900,2.0968428137976503
2024-05-02,438.8399963378906,443.9599914550781,432.2799987792969,441.67999267578125,441.2419128417969,15221300,0.5669505727665447
2024-05-03,445.92999267578125,454.1700134277344,443.8500061035156,451.9599914550781,451.5116882324219,16489100,2.3274766685759785
2024-05-06,455.5799865722656,466.1600036621094,453.3399963378906,465.67999267578125,465.21807861328125,15094600,3.03566720065902
2024-05-07,466.2900085449219,471.5299987792969,461.30999755859375,468.239990234375,467.7755432128906,13406800,0.5497332071073391
2024-05-08,463.5,475.5799865722656,463.0,472.6000061035156,472.1312561035156,11683900,0.9311498291630915
2024-05-09,470.0,476.0799865722656,467.6300048828125,475.4200134277344,474.9484558105469,9437700,0.5967006533641683
2024-05-10,477.0899963378906,477.5,469.6000061035156,476.20001220703125,475.7276916503906,10750000,0.16406519651395168
2024-05-13,472.75,473.3500061035156,462.8500061035156,468.010009765625,467.5458068847656,14668800,-1.7198660712855252
2024-05-14,463.3699951171875,472.5400085449219,460.0799865722656,471.8500061035156,471.3819885253906,10478600,0.8204944889562693
2024-05-15,474.9800109863281,482.5,471.20001220703125,481.5400085449219,481.0623779296875,13100500,2.053619225614778
2024-05-16,475.0,477.69000244140625,472.75,473.2300109863281,472.7606201171875,16608200,-1.7257127987566845
2024-05-17,470.8299865722656,472.79998779296875,468.4200134277344,471.9100036621094,471.4419250488281,10807300,-0.27893567474038816
2024-05-20,469.95001220703125,473.20001220703125,467.0400085449219,468.8399963378906,468.3749694824219,11745100,-0.6505493209287616
2024-05-21,467.1199951171875,470.70001220703125,462.2699890136719,464.6300048828125,464.1691589355469,11742200,-0.8979591092829864
2024-05-22,467.8699951171875,473.7200012207031,465.6499938964844,467.7799987792969,467.3160095214844,10078600,0.6779574851776715
2024-05-23,472.8800048828125,474.3599853515625,461.5400085449219,465.7799987792969,465.3179931640625,11747900,-0.427551414173144
2024-05-24,467.6199951171875,479.8500061035156,466.29998779296875,478.2200012207031,477.74566650390625,12012300,2.6707893155585527
2024-05-28,476.5799865722656,480.8599853515625,474.8399963378906,479.9200134277344,479.4440002441406,10175800,0.35548747494704713
2024-05-29,474.6600036621094,479.8500061035156,473.70001220703125,474.3599853515625,473.88946533203125,9226200,-1.1585322388329766
2024-05-30,471.6700134277344,471.7300109863281,464.7099914550781,467.04998779296875,466.58673095703125,10735200,-1.5410232279976288
2024-05-31,465.79998779296875,469.1199951171875,454.4599914550781,466.8299865722656,466.366943359375,16919800,-0.047104427032051976
2024-06-03,470.8599853515625,479.6000061035156,468.239990234375,477.489990234375,477.0163879394531,11279400,2.2834873441573977
2024-06-04,477.0,478.8900146484375,473.2300109863281,476.989990234375,476.5168762207031,7088700,-0.10471423699469629
2024-06-05,484.45001220703125,496.6499938964844,483.9100036621094,495.05999755859375,494.5689697265625,15690500,3.7883409912522037
2024-06-06,492.9800109863281,502.82000732421875,490.8900146484375,493.760009765625,493.270263671875,10667300,-0.26259196852496114
2024-06-07,495.9100036621094,498.9100036621094,490.1700134277344,492.9599914550781,492.4710388183594,9380700,-0.1620257401822811
2024-06-10,493.8599853515625,502.6600036621094,493.4100036621094,502.6000061035156,502.10150146484375,11236900,1.9555369229829145
2024-06-11,500.1600036621094,507.6000061035156,498.2699890136719,507.4700012207031,506.9666442871094,9673700,0.9689604174386801
2024-06-12,513.989990234375,514.010009765625,504.4700012207031,508.8399963378906,508.3352966308594,11983200,0.26996573470194907
2024-06-13,505.7099914550781,509.3599853515625,501.3599853515625,504.1000061035156,503.6000061035156,9954600,-0.9315286275624168
2024-06-14,502.6499938964844,507.1499938964844,500.75,504.1600036621094,504.1600036621094,10243300,0.011901915863377077
2024-06-17,501.6700134277344,510.75,496.010009765625,506.6300048828125,506.6300048828125,11266600,0.48992407227101964
2024-06-18,504.55999755859375,506.0,495.0199890136719,499.489990234375,499.489990234375,13060400,-1.4093153938028236
2024-06-20,502.0,503.6700134277344,496.7699890136719,501.70001220703125,501.70001220703125,11801200,0.44245570799512635
2024-06-21,503.45001220703125,503.45001220703125,492.3900146484375,494.7799987792969,494.7799987792969,23130700,-1.3793129877140098
2024-06-24,499.20001220703125,507.79998779296875,494.2900085449219,498.9100036621094,498.9100036621094,13525300,0.8347154074542118
2024-06-25,497.04998779296875,510.7099914550781,495.5,510.6000061035156,510.6000061035156,12109800,2.343108447535447
2024-06-26,506.6499938964844,513.8099975585938,504.67999267578125,513.1199951171875,513.1199951171875,8882300,0.4935348577259857
2024-06-27,514.25,522.8800048828125,513.9000244140625,519.5599975585938,519.5599975585938,10121200,1.255067528587639
2024-06-28,517.1500244140625,521.8800048828125,503.8399963378906,504.2200012207031,504.2200012207031,15855100,-2.9524975767905692
2024-07-01,504.95001220703125,506.5799865722656,493.1700134277344,504.67999267578125,504.67999267578125,10328200,0.09122832374053313
2024-07-02,500.760009765625,510.5,499.45001220703125,509.5,509.5,7739500,0.9550620976003676
2024-07-03,506.3699951171875,511.2799987792969,506.0199890136719,509.9599914550781,509.9599914550781,6005600,0.0902829156188556
2024-07-05,511.6000061035156,540.8699951171875,511.6000061035156,539.9099731445312,539.9099731445312,21354100,5.87300615563906
2024-07-08,542.3499755859375,542.8099975585938,526.6500244140625,529.3200073242188,529.3200073242188,14917500,-1.9614317843833606
2024-07-09,533.75,537.47998046875,528.1900024414062,530.0,530.0,8753200,0.12846532652690534
2024-07-10,530.7899780273438,538.8800048828125,528.3599853515625,534.6900024414062,534.6900024414062,10983300,0.8849061210200571
2024-07-11,530.8900146484375,535.4600219726562,508.3699951171875,512.7000122070312,512.7000122070312,16458300,-4.112661567257336
2024-07-12,497.760009765625,508.0899963378906,494.2300109863281,498.8699951171875,498.8699951171875,19750500,-2.6974871777961096
2024-07-15,498.6300048828125,506.67999267578125,493.3699951171875,496.1600036621094,496.1600036621094,12539200,-0.543225987051299
2024-07-16,501.5,503.95001220703125,485.7900085449219,489.7900085449219,489.7900085449219,14075800,-1.2838590515501402
2024-07-17,479.1700134277344,479.1700134277344,459.1199951171875,461.989990234375,461.989990234375,28076600,-5.675905556574278
